ARREST_DATE,count
01/01/2021,442
01/01/2022,357
01/01/2023,431
01/02/2021,386
01/02/2022,264
01/03/2021,307
01/03/2022,313
01/04/2021,359
01/04/2022,439
01/05/2021,592
01/05/2022,516
01/06/2021,634
01/06/2022,544
01/07/2021,533
01/07/2022,367
01/08/2021,495
01/08/2022,393
01/09/2021,350
01/09/2022,312
01/10/2021,287
01/10/2022,382
01/11/2021,376
01/11/2022,549
01/12/2021,506
01/12/2022,588
01/13/2021,544
01/13/2022,592
01/14/2021,507
01/14/2022,528
01/15/2021,508
01/15/2022,369
01/16/2021,400
01/16/2022,301
01/17/2021,292
01/17/2022,368
01/18/2021,381
01/18/2022,596
01/19/2021,515
01/19/2022,631
01/20/2021,560
01/20/2022,614
01/21/2021,551
01/21/2022,516
01/22/2021,534
01/22/2022,355
01/23/2021,376
01/23/2022,343
01/24/2021,328
01/24/2022,337
01/25/2021,338
01/25/2022,603
01/26/2021,431
01/26/2022,474
01/27/2021,559
01/27/2022,478
01/28/2021,465
01/28/2022,257
01/29/2021,358
01/29/2022,223
01/30/2021,289
01/30/2022,243
01/31/2021,303
01/31/2022,338
02/01/2021,139
02/01/2022,544
02/02/2021,272
02/02/2022,333
02/03/2021,532
02/03/2022,579
02/04/2021,616
02/04/2022,498
02/05/2021,471
02/05/2022,461
02/06/2021,385
02/06/2022,419
02/07/2021,271
02/07/2022,381
02/08/2021,359
02/08/2022,631
02/09/2021,498
02/09/2022,716
02/10/2021,539
02/10/2022,628
02/11/2021,507
02/11/2022,588
02/12/2021,499
02/12/2022,476
02/13/2021,331
02/13/2022,346
02/14/2021,256
02/14/2022,425
02/15/2021,295
02/15/2022,623
02/16/2021,504
02/16/2022,628
02/17/2021,583
02/17/2022,692
02/18/2021,331
02/18/2022,569
02/19/2021,415
02/19/2022,424
02/20/2021,387
02/20/2022,381
02/21/2021,306
02/21/2022,395
02/22/2021,371
02/22/2022,506
02/23/2021,499
02/23/2022,668
02/24/2021,573
02/24/2022,533
02/25/2021,580
02/25/2022,415
02/26/2021,464
02/26/2022,387
02/27/2021,317
02/27/2022,373
02/28/2021,353
02/28/2022,451
03/01/2021,417
03/01/2022,638
03/02/2021,571
03/02/2022,724
03/03/2021,592
03/03/2022,620
03/04/2021,570
03/04/2022,549
03/05/2021,534
03/05/2022,445
03/06/2021,397
03/06/2022,432
03/07/2021,369
03/07/2022,459
03/08/2021,411
03/08/2022,645
03/09/2021,567
03/09/2022,615
03/10/2021,629
03/10/2022,712
03/11/2021,573
03/11/2022,554
03/12/2021,546
03/12/2022,402
03/13/2021,396
03/13/2022,307
03/14/2021,337
03/14/2022,501
03/15/2021,372
03/15/2022,601
03/16/2021,542
03/16/2022,709
03/17/2021,546
03/17/2022,610
03/18/2021,515
03/18/2022,505
03/19/2021,428
03/19/2022,406
03/20/2021,387
03/20/2022,402
03/21/2021,352
03/21/2022,502
03/22/2021,413
03/22/2022,671
03/23/2021,522
03/23/2022,606
03/24/2021,486
03/24/2022,588
03/25/2021,488
03/25/2022,588
03/26/2021,402
03/26/2022,454
03/27/2021,299
03/27/2022,389
03/28/2021,258
03/28/2022,392
03/29/2021,306
03/29/2022,589
03/30/2021,424
03/30/2022,655
03/31/2021,331
03/31/2022,670
04/01/2021,490
04/01/2022,573
04/02/2021,358
04/02/2022,410
04/03/2021,249
04/03/2022,429
04/04/2021,242
04/04/2022,502
04/05/2021,304
04/05/2022,686
04/06/2021,424
04/06/2022,713
04/07/2021,538
04/07/2022,665
04/08/2021,477
04/08/2022,597
04/09/2021,362
04/09/2022,475
04/10/2021,347
04/10/2022,430
04/11/2021,268
04/11/2022,572
04/12/2021,291
04/12/2022,626
04/13/2021,464
04/13/2022,669
04/14/2021,485
04/14/2022,645
04/15/2021,371
04/15/2022,505
04/16/2021,320
04/16/2022,434
04/17/2021,256
04/17/2022,245
04/18/2021,242
04/18/2022,364
04/19/2021,310
04/19/2022,585
04/20/2021,363
04/20/2022,651
04/21/2021,391
04/21/2022,684
04/22/2021,342
04/22/2022,537
04/23/2021,278
04/23/2022,411
04/24/2021,273
04/24/2022,377
04/25/2021,256
04/25/2022,498
04/26/2021,230
04/26/2022,631
04/27/2021,397
04/27/2022,668
04/28/2021,415
04/28/2022,602
04/29/2021,398
04/29/2022,479
04/30/2021,283
04/30/2022,411
05/01/2021,263
05/01/2022,440
05/02/2021,245
05/02/2022,432
05/03/2021,343
05/03/2022,645
05/04/2021,322
05/04/2022,747
05/05/2021,518
05/05/2022,738
05/06/2021,459
05/06/2022,581
05/07/2021,403
05/07/2022,357
05/08/2021,319
05/08/2022,377
05/09/2021,261
05/09/2022,490
05/10/2021,380
05/10/2022,623
05/11/2021,508
05/11/2022,709
05/12/2021,497
05/12/2022,662
05/13/2021,472
05/13/2022,575
05/14/2021,371
05/14/2022,461
05/15/2021,332
05/15/2022,366
05/16/2021,317
05/16/2022,520
05/17/2021,316
05/17/2022,631
05/18/2021,497
05/18/2022,631
05/19/2021,562
05/19/2022,619
05/20/2021,494
05/20/2022,488
05/21/2021,416
05/21/2022,453
05/22/2021,354
05/22/2022,380
05/23/2021,313
05/23/2022,539
05/24/2021,365
05/24/2022,605
05/25/2021,514
05/25/2022,663
05/26/2021,464
05/26/2022,612
05/27/2021,417
05/27/2022,467
05/28/2021,331
05/28/2022,429
05/29/2021,238
05/29/2022,396
05/30/2021,233
05/30/2022,365
05/31/2021,298
05/31/2022,551
06/01/2021,538
06/01/2022,748
06/02/2021,565
06/02/2022,663
06/03/2021,558
06/03/2022,588
06/04/2021,405
06/04/2022,469
06/05/2021,333
06/05/2022,423
06/06/2021,332
06/06/2022,480
06/07/2021,374
06/07/2022,717
06/08/2021,507
06/08/2022,690
06/09/2021,614
06/09/2022,617
06/10/2021,617
06/10/2022,527
06/11/2021,370
06/11/2022,450
06/12/2021,327
06/12/2022,413
06/13/2021,294
06/13/2022,553
06/14/2021,386
06/14/2022,623
06/15/2021,450
06/15/2022,651
06/16/2021,582
06/16/2022,662
06/17/2021,572
06/17/2022,506
06/18/2021,453
06/18/2022,449
06/19/2021,340
06/19/2022,325
06/20/2021,290
06/20/2022,419
06/21/2021,379
06/21/2022,605
06/22/2021,378
06/22/2022,632
06/23/2021,542
06/23/2022,608
06/24/2021,492
06/24/2022,505
06/25/2021,371
06/25/2022,428
06/26/2021,330
06/26/2022,389
06/27/2021,248
06/27/2022,436
06/28/2021,284
06/28/2022,533
06/29/2021,455
06/29/2022,671
06/30/2021,464
06/30/2022,622
07/01/2021,534
07/01/2022,576
07/02/2021,414
07/02/2022,459
07/03/2021,364
07/03/2022,429
07/04/2021,254
07/04/2022,403
07/05/2021,353
07/05/2022,596
07/06/2021,464
07/06/2022,655
07/07/2021,496
07/07/2022,653
07/08/2021,581
07/08/2022,561
07/09/2021,387
07/09/2022,409
07/10/2021,339
07/10/2022,423
07/11/2021,306
07/11/2022,401
07/12/2021,402
07/12/2022,647
07/13/2021,522
07/13/2022,649
07/14/2021,632
07/14/2022,658
07/15/2021,531
07/15/2022,502
07/16/2021,427
07/16/2022,415
07/17/2021,341
07/17/2022,406
07/18/2021,333
07/18/2022,448
07/19/2021,401
07/19/2022,618
07/20/2021,525
07/20/2022,585
07/21/2021,552
07/21/2022,518
07/22/2021,627
07/22/2022,463
07/23/2021,425
07/23/2022,469
07/24/2021,408
07/24/2022,424
07/25/2021,365
07/25/2022,401
07/26/2021,402
07/26/2022,623
07/27/2021,476
07/27/2022,607
07/28/2021,506
07/28/2022,596
07/29/2021,529
07/29/2022,443
07/30/2021,321
07/30/2022,428
07/31/2021,344
07/31/2022,328
08/01/2021,322
08/01/2022,381
08/02/2021,368
08/02/2022,429
08/03/2021,478
08/03/2022,457
08/04/2021,596
08/04/2022,566
08/05/2021,557
08/05/2022,488
08/06/2021,461
08/06/2022,449
08/07/2021,378
08/07/2022,436
08/08/2021,315
08/08/2022,400
08/09/2021,424
08/09/2022,592
08/10/2021,557
08/10/2022,682
08/11/2021,566
08/11/2022,582
08/12/2021,557
08/12/2022,565
08/13/2021,488
08/13/2022,409
08/14/2021,407
08/14/2022,404
08/15/2021,347
08/15/2022,443
08/16/2021,354
08/16/2022,598
08/17/2021,547
08/17/2022,612
08/18/2021,543
08/18/2022,598
08/19/2021,620
08/19/2022,519
08/20/2021,430
08/20/2022,423
08/21/2021,319
08/21/2022,352
08/22/2021,281
08/22/2022,448
08/23/2021,342
08/23/2022,585
08/24/2021,508
08/24/2022,631
08/25/2021,556
08/25/2022,632
08/26/2021,529
08/26/2022,526
08/27/2021,376
08/27/2022,459
08/28/2021,340
08/28/2022,380
08/29/2021,368
08/29/2022,463
08/30/2021,362
08/30/2022,646
08/31/2021,449
08/31/2022,578
09/01/2021,515
09/01/2022,694
09/02/2021,419
09/02/2022,516
09/03/2021,428
09/03/2022,449
09/04/2021,370
09/04/2022,424
09/05/2021,339
09/05/2022,340
09/06/2021,318
09/06/2022,526
09/07/2021,509
09/07/2022,767
09/08/2021,575
09/08/2022,638
09/09/2021,460
09/09/2022,517
09/10/2021,424
09/10/2022,398
09/11/2021,344
09/11/2022,357
09/12/2021,361
09/12/2022,422
09/13/2021,389
09/13/2022,599
09/14/2021,513
09/14/2022,761
09/15/2021,588
09/15/2022,611
09/16/2021,583
09/16/2022,538
09/17/2021,504
09/17/2022,392
09/18/2021,402
09/18/2022,392
09/19/2021,350
09/19/2022,383
09/20/2021,368
09/20/2022,592
09/21/2021,701
09/21/2022,638
09/22/2021,528
09/22/2022,548
09/23/2021,472
09/23/2022,486
09/24/2021,455
09/24/2022,411
09/25/2021,378
09/25/2022,392
09/26/2021,346
09/26/2022,422
09/27/2021,482
09/27/2022,662
09/28/2021,521
09/28/2022,616
09/29/2021,578
09/29/2022,771
09/30/2021,536
09/30/2022,618
10/01/2021,460
10/01/2022,429
10/02/2021,379
10/02/2022,340
10/03/2021,367
10/03/2022,426
10/04/2021,464
10/04/2022,660
10/05/2021,571
10/05/2022,703
10/06/2021,640
10/06/2022,731
10/07/2021,597
10/07/2022,548
10/08/2021,470
10/08/2022,461
10/09/2021,415
10/09/2022,364
10/10/2021,318
10/10/2022,424
10/11/2021,405
10/11/2022,721
10/12/2021,521
10/12/2022,694
10/13/2021,683
10/13/2022,717
10/14/2021,615
10/14/2022,522
10/15/2021,480
10/15/2022,474
10/16/2021,418
10/16/2022,395
10/17/2021,395
10/17/2022,405
10/18/2021,381
10/18/2022,686
10/19/2021,632
10/19/2022,876
10/20/2021,592
10/20/2022,670
10/21/2021,606
10/21/2022,585
10/22/2021,473
10/22/2022,444
10/23/2021,400
10/23/2022,336
10/24/2021,356
10/24/2022,468
10/25/2021,394
10/25/2022,784
10/26/2021,463
10/26/2022,732
10/27/2021,513
10/27/2022,672
10/28/2021,440
10/28/2022,611
10/29/2021,377
10/29/2022,445
10/30/2021,309
10/30/2022,419
10/31/2021,319
10/31/2022,416
11/01/2021,431
11/01/2022,696
11/02/2021,459
11/02/2022,771
11/03/2021,627
11/03/2022,754
11/04/2021,580
11/04/2022,619
11/05/2021,488
11/05/2022,422
11/06/2021,341
11/06/2022,436
11/07/2021,340
11/07/2022,473
11/08/2021,406
11/08/2022,668
11/09/2021,582
11/09/2022,772
11/10/2021,581
11/10/2022,660
11/11/2021,557
11/11/2022,553
11/12/2021,462
11/12/2022,535
11/13/2021,371
11/13/2022,358
11/14/2021,355
11/14/2022,470
11/15/2021,357
11/15/2022,628
11/16/2021,555
11/16/2022,792
11/17/2021,649
11/17/2022,674
11/18/2021,519
11/18/2022,538
11/19/2021,478
11/19/2022,463
11/20/2021,332
11/20/2022,385
11/21/2021,323
11/21/2022,433
11/22/2021,393
11/22/2022,629
11/23/2021,407
11/23/2022,553
11/24/2021,350
11/24/2022,231
11/25/2021,194
11/25/2022,520
11/26/2021,384
11/26/2022,464
11/27/2021,374
11/27/2022,397
11/28/2021,337
11/28/2022,465
11/29/2021,352
11/29/2022,698
11/30/2021,484
11/30/2022,606
12/01/2021,604
12/01/2022,693
12/02/2021,558
12/02/2022,539
12/03/2021,533
12/03/2022,490
12/04/2021,347
12/04/2022,425
12/05/2021,378
12/05/2022,498
12/06/2021,421
12/06/2022,606
12/07/2021,513
12/07/2022,654
12/08/2021,541
12/08/2022,693
12/09/2021,503
12/09/2022,549
12/10/2021,497
12/10/2022,487
12/11/2021,390
12/11/2022,336
12/12/2021,349
12/12/2022,425
12/13/2021,395
12/13/2022,678
12/14/2021,552
12/14/2022,649
12/15/2021,530
12/15/2022,486
12/16/2021,514
12/16/2022,485
12/17/2021,469
12/17/2022,466
12/18/2021,313
12/18/2022,345
12/19/2021,319
12/19/2022,442
12/20/2021,375
12/20/2022,568
12/21/2021,453
12/21/2022,598
12/22/2021,499
12/22/2022,473
12/23/2021,324
12/23/2022,334
12/24/2021,212
12/24/2022,219
12/25/2021,181
12/25/2022,240
12/26/2021,240
12/26/2022,333
12/27/2021,297
12/27/2022,530
12/28/2021,359
12/28/2022,618
12/29/2021,366
12/29/2022,625
12/30/2021,325
12/30/2022,478
12/31/2021,332
12/31/2022,357
