Date,Vol
2021-01-04,30067
2021-01-05,31570
2021-01-06,31025
2021-01-07,31488
2021-01-08,30893
2021-01-09,34233
2021-01-10,31818
2021-01-11,30554
2021-01-12,32031
2021-01-13,31454
2021-01-14,33598
2021-01-15,34172
2021-01-16,6446
2021-02-25,26588
2021-02-26,25464
2021-02-27,17499
2021-02-28,17254
2021-03-01,19752
2021-03-02,18500
2021-03-03,19207
2021-03-04,40247
2021-03-05,46811
2021-03-06,43497
2021-03-07,38787
2021-03-08,44022
2021-03-09,47385
2021-03-10,47758
2021-03-11,48563
2021-03-12,50452
2021-03-13,45339
2021-03-14,39159
2021-03-15,45501
2021-03-16,46499
2021-03-17,47632
2021-03-18,45048
2021-03-19,48646
2021-03-20,45830
2021-03-21,40655
2021-03-22,62903
2021-03-23,61086
2021-03-24,56057
2021-03-25,61030
2021-03-26,62218
2021-03-27,56652
2021-03-28,40296
2021-03-29,7083
2021-03-30,2240
2021-03-31,2093
2021-04-01,2385
2021-04-02,2331
2021-04-03,17829
2021-04-04,14294
2021-04-05,19957
2021-04-06,21387
2021-04-07,17059
2021-04-08,21908
2021-04-09,21828
2021-04-10,18094
2021-04-11,16589
2021-04-12,19663
2021-04-13,18854
2021-04-14,21350
2021-04-15,20382
2021-04-16,21375
2021-04-17,41257
2021-04-18,34184
2021-04-19,46911
2021-04-20,50402
2021-04-21,43868
2021-04-22,48829
2021-04-23,54255
2021-04-24,45720
2021-04-25,21758
2021-04-26,44464
2021-04-27,49019
2021-04-28,50703
2021-04-29,47431
2021-04-30,34100
2021-05-01,34913
2021-05-02,29240
2021-05-03,29693
2021-05-04,28924
2021-05-05,28273
2021-05-06,30363
2021-05-07,31007
2021-05-08,26803
2021-05-09,22785
2021-05-10,27543
2021-05-11,28529
2021-05-12,29279
2021-05-13,28596
2021-05-14,50635
2021-05-15,44374
2021-05-16,37254
2021-05-17,52269
2021-05-18,54367
2021-05-19,58340
2021-05-20,55985
2021-05-21,57894
2021-05-22,52891
2021-05-23,55677
2021-05-24,52050
2021-05-25,285472
2021-05-26,290243
2021-05-27,283413
2021-05-28,48505
2021-05-29,2120
2021-06-01,19500
2021-06-02,20058
2021-06-03,18505
2021-06-04,21306
2021-06-05,32401
2021-06-06,32845
2021-06-07,53281
2021-06-08,234359
2021-06-09,24716
2021-06-10,24537
2021-06-11,25849
2021-06-12,22925
2021-06-13,23801
2021-06-14,25953
2021-06-15,24105
2021-06-16,75255
2021-06-17,75481
2021-06-18,76824
2021-06-19,105133
2021-06-20,103287
2021-06-21,121267
2021-06-22,10706
2021-06-23,9444
2021-06-24,9920
2021-06-25,483
2021-07-11,12464
2021-07-12,7774
2021-07-13,39780
2021-07-14,39609
2021-07-15,41086
2021-07-16,40137
2021-07-17,36807
2021-07-18,32068
2021-07-19,34598
2021-07-26,7537
2021-07-27,9486
2021-07-28,9582
2021-07-29,8507
2021-07-30,5159
2021-07-31,4139
2021-08-01,3755
2021-08-02,15161
2021-08-03,17852
2021-08-04,17002
2021-08-05,17559
2021-08-06,5725
2021-08-07,4090
2021-08-08,3701
2021-08-09,4832
2021-08-10,4968
2021-08-11,4602
2021-08-12,4561
2021-08-13,48331
2021-08-14,215845
2021-08-15,41224
2021-08-16,47132
2021-08-17,219112
2021-08-18,213064
2021-08-19,213127
2021-08-20,40717
2021-08-21,37905
2021-08-22,24119
2021-08-23,38117
2021-08-24,27631
2021-08-25,39445
2021-08-26,38990
2021-08-27,43654
2021-08-28,30173
2021-08-29,24806
2021-08-30,2397
2021-08-31,2451
2021-09-01,2338
2021-09-02,1977
2021-09-17,1163
2021-09-18,13881
2021-09-19,11664
2021-09-20,23437
2021-09-21,13406
2021-09-22,19815
2021-09-23,22984
2021-09-24,28600
2021-09-25,15407
2021-09-26,14811
2021-09-27,30530
2021-09-28,30494
2021-09-29,30890
2021-09-30,31918
2021-10-01,30267
2021-10-02,6711
2021-10-04,8459
2021-10-05,9083
2021-10-06,9009
2021-10-07,9410
2021-10-08,10151
2021-10-09,7309
2021-10-10,5876
2021-10-11,4664
2021-10-12,17953
2021-10-13,27443
2021-10-14,47162
2021-10-15,46652
2021-10-16,214939
2021-10-17,34873
2021-10-18,46678
2021-10-19,48177
2021-10-20,47441
2021-10-21,46790
2021-10-22,50228
2021-10-23,45009
2021-10-24,43202
2021-10-25,46290
2021-10-26,115264
2021-10-27,126332
2021-10-28,123597
2021-10-29,50237
2021-10-30,44761
2021-10-31,23814
2021-11-01,35914
2021-11-02,35927
2021-11-03,35381
2021-11-04,36457
2021-11-05,36442
2021-11-06,30026
2021-11-07,44731
2021-11-08,50541
2021-11-09,50691
2021-11-10,50710
2021-11-11,51583
2021-11-12,53626
2021-11-13,47609
2021-11-14,11277
2021-11-15,13836
2021-11-16,13656
2021-11-17,13293
2021-11-18,13471
2021-11-19,13436
2021-11-20,12953
2021-11-22,8757
2021-11-23,10134
2021-11-24,10200
2021-11-25,6772
2021-11-26,7578
2021-11-27,8002
2021-11-28,7477
2021-11-29,9529
2021-11-30,9487
2021-12-01,9926
2021-12-02,9565
2021-12-03,1318
2022-01-03,25216
2022-01-04,26864
2022-01-05,24810
2022-01-06,25050
2022-01-07,29015
2022-01-08,21039
2022-01-09,17796
2022-01-10,27369
2022-01-11,24880
2022-01-12,24783
2022-01-13,25355
2022-01-14,26830
2022-01-15,19097
2022-01-16,16851
2022-01-25,11817
2022-01-26,11996
2022-01-27,12677
2022-01-28,11696
2022-01-29,9003
2022-01-30,7734
2022-01-31,11941
2022-02-02,8537
2022-02-03,7783
2022-02-04,7473
2022-02-05,5495
2022-02-06,4342
2022-02-07,6076
2022-02-08,18596
2022-02-09,35411
2022-02-10,36299
2022-02-11,36511
2022-02-12,17489
2022-02-13,28849
2022-02-14,39326
2022-02-15,52152
2022-02-16,53930
2022-02-17,53099
2022-02-18,53453
2022-02-19,47052
2022-02-22,315
2022-02-23,246
2022-02-24,269
2022-02-25,375
2022-02-26,373
2022-02-27,392
2022-02-28,355
2022-03-03,13852
2022-03-04,13904
2022-03-05,30068
2022-03-06,7056
2022-03-07,11778
2022-03-08,17030
2022-03-09,16586
2022-03-10,18589
2022-03-11,17520
2022-03-12,13874
2022-03-13,4118
2022-03-14,5396
2022-03-15,7682
2022-03-16,7417
2022-03-17,7555
2022-03-18,8660
2022-03-19,5870
2022-03-20,30705
2022-03-21,28009
2022-03-22,38192
2022-03-23,36894
2022-03-24,33124
2022-03-25,35653
2022-03-26,31668
2022-03-27,23622
2022-03-28,29000
2022-03-29,27534
2022-03-30,28339
2022-03-31,28766
2022-04-01,31751
2022-04-02,26499
2022-04-03,17309
2022-04-04,43047
2022-04-05,42603
2022-04-06,41273
2022-04-07,41793
2022-04-08,45423
2022-04-09,42269
2022-04-10,37432
2022-04-11,23465
2022-04-12,7016
2022-04-13,0
2022-04-23,14906
2022-04-24,24565
2022-04-25,18306
2022-04-26,19439
2022-04-27,19836
2022-04-28,21255
2022-04-29,21653
2022-04-30,17154
2022-05-01,13920
2022-05-02,38080
2022-05-03,39876
2022-05-04,38097
2022-05-05,51655
2022-05-06,47326
2022-05-07,38705
2022-05-08,38510
2022-05-09,47587
2022-05-10,48263
2022-05-11,56530
2022-05-12,65496
2022-05-13,66642
2022-05-14,59780
2022-05-15,51263
2022-05-16,63507
2022-05-17,66468
2022-05-18,65572
2022-05-19,66322
2022-05-20,66204
2022-05-21,58529
2022-05-22,51374
2022-05-23,63805
2022-05-24,53528
2022-05-25,52229
2022-06-06,21176
2022-06-07,21292
2022-06-08,21969
2022-06-09,20865
2022-06-10,23868
2022-06-11,70161
2022-06-12,72055
2022-06-13,91206
2022-06-14,92314
2022-06-15,93926
2022-06-16,90803
2022-06-17,90152
2022-06-18,74587
2022-06-19,76967
2022-06-20,83093
2022-06-21,89384
2022-06-22,85899
2022-06-23,91782
2022-06-24,85348
2022-06-25,61544
2022-06-26,57830
2022-06-27,64141
2022-06-28,78177
2022-06-29,34915
2022-06-30,1747
2022-07-23,1846
2022-07-24,1421
2022-07-25,2093
2022-07-26,2132
2022-07-27,2013
2022-07-28,2145
2022-07-29,2257
2022-07-30,1799
2022-07-31,1306
2022-08-01,2108
2022-08-02,2192
2022-08-03,2105
2022-08-04,2196
2022-08-05,2359
2022-08-17,28708
2022-08-18,29463
2022-08-19,31852
2022-08-20,29730
2022-08-21,26860
2022-08-22,28293
2022-08-23,29816
2022-08-24,29893
2022-08-25,31182
2022-08-26,31937
2022-08-27,29315
2022-08-28,26906
2022-08-29,29113
2022-08-30,29850
2022-09-08,5359
2022-09-09,5391
2022-09-10,19097
2022-09-11,15612
2022-09-12,21383
2022-09-13,21634
2022-09-14,22331
2022-09-15,34164
2022-09-16,38356
2022-09-17,30955
2022-09-18,24908
2022-09-19,32967
2022-09-20,33590
2022-09-21,34566
2022-09-22,34433
2022-09-23,39477
2022-09-24,16706
2022-09-25,16939
2022-10-12,9706
2022-10-13,7211
2022-10-14,7663
2022-10-15,7031
2022-10-16,6456
2022-10-17,31677
2022-10-18,147660
2022-10-19,156817
2022-10-20,155872
2022-10-21,35934
2022-10-22,60557
2022-10-23,57993
2022-10-24,60876
2022-10-25,136742
2022-10-26,141119
2022-10-27,138998
2022-10-28,64227
2022-10-29,57649
2022-10-30,51258
2022-10-31,59796
2022-11-01,247622
2022-11-02,242720
2022-11-03,255407
2022-11-04,61556
2022-11-05,20255
2022-11-06,15747
2022-11-07,20200
2022-11-13,9790
2022-11-14,7942
2022-11-15,11161
2022-11-16,10789
2022-11-17,10776
2022-11-18,10858
2022-11-19,11014
2022-11-20,4942
2022-11-30,12587
2022-12-01,46577
2022-12-02,49335
2022-12-03,53170
2022-12-04,47829
2022-12-05,57940
2022-12-06,59958
2022-12-07,55840
2022-12-08,60044
2022-12-09,59178
2022-12-10,56599
2022-12-11,49440
2022-12-12,54387
2022-12-13,58343
